,code,term
0,192616009,Childhood or adolescent disorder of social functioning (disorder)
1,44124003,Reactive attachment disorder of early childhood (disorder)
2,111477005,"Reactive attachment disorder of infancy OR early childhood, disinhibited type (disorder)"
3,270905000,Childhood disinhibited attachment disorder (disorder)
4,2312009,"Reactive attachment disorder of infancy OR early childhood, inhibited type (disorder)"
5,106015009,Mental disorder AND/OR culture bound syndrome (disorder)
6,27803006,Qi-gong psychotic reaction (disorder)
7,2838003,Piblokto (disorder)
8,2994004,Brain fag (disorder)
9,34134009,Shenjing shuairuo (disorder)
10,34741005,Nervios (disorder)
11,40950007,Zar (disorder)
12,41196008,Dhat (disorder)
13,41673007,Ataque de nervios (disorder)
14,41932008,Amok (disorder)
15,50643003,Latah (disorder)
16,51946000,Susto (disorder)
17,54560009,Windigo (disorder)
18,651003,Root work (disorder)
19,65179007,Koro (disorder)
20,65207000,Locuru (disorder)
21,74803002,Taijin kyofusho (disorder)
22,75605002,Sangue dormido (disorder)
23,76129002,Ganser syndrome (disorder)
24,76399004,Mal de ojo (disorder)
25,7718000,Bilis (disorder)
26,79459002,Cheshire cat syndrome (disorder)
27,81812009,Hwa-byung (disorder)
28,83233002,Ghost sickness (disorder)
29,9116003,Shin-byung (disorder)
30,129607003,Mother-daughter symbiotic syndrome (disorder)
31,197480006,Anxiety disorder (disorder)
32,191736004,Obsessive-compulsive disorder (disorder)
33,191737008,Compulsive neurosis (disorder)
34,191738003,Obsessional neurosis (disorder)
35,192014006,Psychogenic rumination (disorder)
36,10586006,Occupation-related stress disorder (disorder)
37,109006,Anxiety disorder of childhood OR adolescence (disorder)
38,13438001,Overanxious disorder of childhood (disorder)
39,37868008,Anxiety disorder of adolescence (disorder)
40,37872007,Avoidant disorder of childhood OR adolescence (disorder)
41,53467004,Anxiety disorder of childhood (disorder)
42,192611004,Childhood phobic anxiety disorder (disorder)
43,11806006,Separation anxiety disorder of childhood (disorder)
44,85061001,"Separation anxiety disorder of childhood, early onset (disorder)"
45,64165008,Avoidant disorder of childhood (disorder)
46,83253003,Shyness disorder of childhood (disorder)
47,90790003,Avoidant disorder of adolescence (disorder)
48,231504006,Mixed anxiety and depressive disorder (disorder)
49,111487009,Dream anxiety disorder (disorder)
50,428687006,Nightmares associated with chronic post-traumatic stress disorder (disorder)
51,126943008,Separation anxiety (disorder)
52,17496003,Organic anxiety disorder (disorder)
53,50026000,Psychoactive substance-induced organic anxiety disorder (disorder)
54,1686006,"Sedative, hypnotic AND/OR anxiolytic-induced anxiety disorder (disorder)"
55,34938008,Alcohol-induced anxiety disorder (disorder)
56,51493001,Cocaine-induced anxiety disorder (disorder)
57,55967005,Phencyclidine-induced anxiety disorder (disorder)
58,21897009,Generalized anxiety disorder (disorder)
59,47505003,Posttraumatic stress disorder (disorder)
60,317816007,Stockholm syndrome (disorder)
61,318784009,"Posttraumatic stress disorder, delayed onset (disorder)"
62,446180007,Delayed posttraumatic stress disorder following military combat (disorder)
63,192042008,Acute post-trauma stress state (disorder)
64,313182004,Chronic post-traumatic stress disorder (disorder)
65,699241002,Chronic post-traumatic stress disorder following military combat (disorder)
66,443919007,Complex posttraumatic stress disorder (disorder)
67,446175003,Acute posttraumatic stress disorder following military combat (disorder)
68,52910006,Anxiety disorder due to a general medical condition (disorder)
69,58535001,Physical AND emotional exhaustion state (disorder)
70,67195008,Acute stress disorder (disorder)
71,192041001,Acute situational disturbance (disorder)
72,279611005,Shell shock (disorder)
73,61157009,Combat fatigue (disorder)
74,192037000,Acute panic state due to acute stress reaction (disorder)
75,192038005,Acute fugue state due to acute stress reaction (disorder)
76,192039002,Acute stupor state due to acute stress reaction (disorder)
77,192044009,Stress reaction causing mixed disturbance of emotion and conduct (disorder)
78,69479009,Anxiety hyperventilation (disorder)
79,82339009,Amphetamine-induced anxiety disorder (disorder)
80,371631005,Panic disorder (disorder)
81,35607004,Panic disorder with agoraphobia (disorder)
82,5509004,Panic disorder with agoraphobia AND severe panic attacks (disorder)
83,111490003,"Panic disorder with agoraphobia, agoraphobic avoidance in partial remission AND severe panic attacks (disorder)"
84,19766004,"Panic disorder with agoraphobia, mild agoraphobic avoidance AND severe panic attacks (disorder)"
85,34116005,"Panic disorder with agoraphobia, agoraphobic avoidance in full remission AND severe panic attacks (disorder)"
86,61212007,"Panic disorder with agoraphobia, severe agoraphobic avoidance AND severe panic attacks (disorder)"
87,83631006,"Panic disorder with agoraphobia, moderate agoraphobic avoidance AND severe panic attacks (disorder)"
88,59923000,Panic disorder with agoraphobia AND panic attacks in full remission (disorder)
89,11941006,"Panic disorder with agoraphobia, agoraphobic avoidance in full remission AND panic attacks in full remission (disorder)"
90,22230001,"Panic disorder with agoraphobia, agoraphobic avoidance in partial remission AND panic attacks in full remission (disorder)"
91,24781009,"Panic disorder with agoraphobia, mild agoraphobic avoidance AND panic attacks in full remission (disorder)"
92,38328002,"Panic disorder with agoraphobia, severe agoraphobic avoidance AND panic attacks in full remission (disorder)"
93,64060000,"Panic disorder with agoraphobia, moderate agoraphobic avoidance AND panic attacks in full remission (disorder)"
94,63909006,Panic disorder with agoraphobia AND panic attacks in partial remission (disorder)
95,111491004,"Panic disorder with agoraphobia, agoraphobic avoidance in full remission AND panic attacks in partial remission (disorder)"
96,3158007,"Panic disorder with agoraphobia, agoraphobic avoidance in partial remission AND panic attacks in partial remission (disorder)"
97,50983008,"Panic disorder with agoraphobia, mild agoraphobic avoidance AND panic attacks in partial remission (disorder)"
98,74010007,"Panic disorder with agoraphobia, severe agoraphobic avoidance AND panic attacks in partial remission (disorder)"
99,76812003,"Panic disorder with agoraphobia, moderate agoraphobic avoidance AND panic attacks in partial remission (disorder)"
100,8185002,Panic disorder with agoraphobia AND moderate panic attacks (disorder)
101,30059008,"Panic disorder with agoraphobia, severe agoraphobic avoidance AND moderate panic attacks (disorder)"
102,32388005,"Panic disorder with agoraphobia, agoraphobic avoidance in partial remission AND moderate panic attacks (disorder)"
103,49564006,"Panic disorder with agoraphobia, mild agoraphobic avoidance AND moderate panic attacks (disorder)"
104,82738004,"Panic disorder with agoraphobia, moderate agoraphobic avoidance AND moderate panic attacks (disorder)"
105,87798009,"Panic disorder with agoraphobia, agoraphobic avoidance in full remission AND moderate panic attacks (disorder)"
106,89948007,Panic disorder with agoraphobia AND mild panic attacks (disorder)
107,1816003,"Panic disorder with agoraphobia, severe agoraphobic avoidance AND mild panic attacks (disorder)"
108,31781004,"Panic disorder with agoraphobia, agoraphobic avoidance in partial remission AND mild panic attacks (disorder)"
109,4932002,"Panic disorder with agoraphobia, moderate agoraphobic avoidance AND mild panic attacks (disorder)"
110,63701002,"Panic disorder with agoraphobia, mild agoraphobic avoidance AND mild panic attacks (disorder)"
111,76868007,"Panic disorder with agoraphobia, agoraphobic avoidance in full remission AND mild panic attacks (disorder)"
112,56576003,Panic disorder without agoraphobia (disorder)
113,43150009,Panic disorder without agoraphobia with severe panic attacks (disorder)
114,53956006,Panic disorder without agoraphobia with panic attacks in partial remission (disorder)
115,65064003,Panic disorder without agoraphobia with moderate panic attacks (disorder)
116,72861004,Panic disorder without agoraphobia with mild panic attacks (disorder)
117,82494000,Panic disorder without agoraphobia with panic attacks in full remission (disorder)
118,386810004,Phobic disorder (disorder)
119,25501002,Social phobia (disorder)
120,191725006,"Social phobia, fear of public speaking (disorder)"
121,62351001,Generalized social phobia (disorder)
122,191724005,"Social phobia, fear of eating in public (disorder)"
123,191726007,"Social phobia, fear of public washing (disorder)"
124,54587008,Simple phobia (disorder)
125,238965007,Venereophobia (disorder)
126,238966008,Syphilophobia (disorder)
127,238976006,Bromisodrophobia (disorder)
128,313224008,Dysmorphophobia (disorder)
129,70691001,Agoraphobia (disorder)
130,61569007,Agoraphobia without history of panic disorder (disorder)
131,1380006,Agoraphobia without history of panic disorder with limited symptom attacks (disorder)
132,82415003,Agoraphobia without history of panic disorder without limited symptom attacks (disorder)
133,191722009,Agoraphobia with panic attacks (disorder)
134,403593004,Phobic fear of skin cancer (disorder)
135,426174008,Chronic stress disorder (disorder)
136,10743001000119103,Anxiety disorder in mother complicating childbirth (disorder)
137,109896009,Indication for modification of patient status (disorder)
138,109897000,Indication for modification of patient behavior status (disorder)
139,109898005,Indication for modification of patient cognitive status (disorder)
140,109899002,Indication for modification of patient emotional status (disorder)
141,109900007,Indication for modification of patient physical status (disorder)
142,109901006,Indication for modification of patient psychological status (disorder)
143,231520001,Behavioral syndrome associated with physiological disturbance and physical factors (disorder)
144,268727002,Abuse of non-dependence-producing substances (disorder)
145,191928000,Abuse of antidepressant drug (disorder)
146,191930003,"Nondependent antidepressant type drug abuse, continuous (disorder)"
147,191931004,"Nondependent antidepressant type drug abuse, episodic (disorder)"
148,191932006,Nondependent antidepressant type drug abuse in remission (disorder)
149,231458000,Abuse of steroids (disorder)
150,231459008,Abuse of nonpsychotropic analgesic drugs (disorder)
151,280982009,Abuse of laxatives (disorder)
152,27051000119102,Chronic abuse of laxatives (disorder)
153,280983004,Abuse of vitamins (disorder)
154,280986007,Abuse of antacids (disorder)
155,288281000119100,Abuse of herbal medicine or folk remedy (disorder)
156,280984005,Abuse of herbal medicine (disorder)
157,72366004,Eating disorder (disorder)
158,231522009,Atypical anorexia nervosa (disorder)
159,270902002,Overeating associated with other psychological disturbances (disorder)
160,14077003,Pica (disorder)
161,192631000,Pica of infancy and childhood (disorder)
162,37941009,Rumination disorder (disorder)
163,36039004,Rumination disorder of infancy (disorder)
164,56882008,Anorexia nervosa (disorder)
165,63393005,"Anorexia nervosa, binge-eating purging type (disorder)"
166,77675002,"Anorexia nervosa, restricting type (disorder)"
167,698695006,Anorexia nervosa in remission (disorder)
168,74142004,Feeding disorder of infancy OR early childhood (disorder)
169,78004001,Bulimia nervosa (disorder)
170,231523004,Atypical bulimia nervosa (disorder)
171,32721004,"Bulimia nervosa, purging type (disorder)"
172,248118000,Self-induced purging to lose weight (disorder)
173,705001007,Self-induced vomiting to lose weight (disorder)
174,59645001,"Bulimia nervosa, nonpurging type (disorder)"
175,698698008,Bulimia nervosa in remission (disorder)
176,192016008,Non-organic infant feeding disturbance (disorder)
177,192017004,Non-organic loss of appetite (disorder)
178,231521002,Weight fixation (disorder)
179,275474009,Psychogenic overeating (disorder)
180,427469003,Eating disorder in remission (disorder)
181,426881004,Developmental delay in feeding (disorder)
182,439960005,Binge eating disorder (disorder)
183,700213005,Avoidant restrictive food intake disorder (disorder)
184,249520001,Self-induced purging (disorder)
185,231524005,Interictal behavior disorder (disorder)
186,710072005,Female athlete triad (disorder)
187,238959007,Disorders of cutaneous image and perception (disorder)
188,231516000,Cutaneous hypochondriasis (disorder)
189,238961003,Trichophobia (disorder)
190,238960002,Dermatological non-disease (disorder)
191,238967004,Psychogenic sensory disturbance of skin (disorder)
192,191966002,Psychogenic pruritus (disorder)
193,403594005,Psychogenic formication (disorder)
194,238972008,Cutaneous monosymptomatic delusional psychosis (disorder)
195,238973003,Delusions of parasitosis (disorder)
196,238974009,Delusions of infestation (disorder)
197,238975005,Delusion of foul odor (disorder)
198,238977002,Delusional hyperhidrosis (disorder)
199,238978007,Hyperschemazia (disorder)
200,238979004,Hyposchemazia (disorder)
201,403595006,Pinocchio syndrome (disorder)
202,111475002,Neurosis (disorder)
203,231519007,Depersonalization-derealization syndrome (disorder)
204,70764005,Depersonalization disorder (disorder)
205,280945000,Derealization syndrome (disorder)
206,267414004,Jumping disease (disorder)
207,280946004,Occupational neurosis (disorder)
208,191744004,Writer's cramp neurosis (disorder)
209,31297008,Somatoform disorder (disorder)
210,109956006,Psychogenic purpura (disorder)
211,231517009,Somatoform autonomic dysfunction (disorder)
212,191952007,Somatoform autonomic dysfunction - respiratory tract (disorder)
213,191953002,Psychogenic air hunger (disorder)
214,268650001,Somatoform autonomic dysfunction - gastrointestinal tract (disorder)
215,231518004,Globus abdominalis (disorder)
216,191972002,Psychogenic dyspepsia (disorder)
217,386537007,Psychogenic pylorospasm (disorder)
218,191973007,Psychogenic constipation (disorder)
219,191962000,Neurocirculatory asthenia (disorder)
220,111492006,"Conversion disorder, single episode (disorder)"
221,18193002,Hypochondriasis (disorder)
222,231515001,Hypochondriacal pain (disorder)
223,83482000,Body dysmorphic disorder (disorder)
224,129605006,Postgastrectomy neurosis (disorder)
225,18393005,Undifferentiated somatoform disorder (disorder)
226,30077003,Somatoform pain disorder (disorder)
227,300960003,Psychogenic back pain (disorder)
228,192029008,Psychogenic backache (disorder)
229,441711008,Chronic psychogenic pain (disorder)
230,35827000,Recurrent conversion disorder (disorder)
231,65438001,Psychogenic torticollis (disorder)
232,70967007,Hysterical deafness (disorder)
233,71802006,Astasia-abasia (disorder)
234,231509001,Dissociative astasia-abasia (disorder)
235,88902008,Hysterical blindness (disorder)
236,88984006,Hysterical paralysis (disorder)
237,191965003,Psychogenic skin symptoms (disorder)
238,191980009,Psychogenic endocrine malfunction (disorder)
239,191981008,Psychogenic symptom of special sense organ (disorder)
240,397923000,Somatization disorder (disorder)
241,397795007,Polysomatizing disorder (disorder)
242,397826007,Briquet's syndrome (disorder)
243,424271007,Hysterical cataplexy (disorder)
244,192630004,Psychogenic feeding disorder of infancy and childhood (disorder)
245,65384007,Psychogenic alopecia (disorder)
246,63990000,Psychogenic urticaria (disorder)
247,386572005,Psychogenic syncope (disorder)
248,191683009,Psychogenic stupor (disorder)
249,129562004,Psychogenic skin disease (disorder)
250,443853005,Psychogenic tremor (disorder)
251,44376007,Dissociative disorder (disorder)
252,191714002,Dissociative convulsions (disorder)
253,231445001,Organic dissociative disorder (disorder)
254,268715000,Dissociative motor disorder (disorder)
255,191713008,Dissociative tremor (disorder)
256,276296007,Dissociative trance (disorder)
257,276297003,Dissociative possession disorder (disorder)
258,276300008,Dissociative stupor (disorder)
259,280901000,Couvade (disorder)
260,280943007,Dissociative confusion (disorder)
261,31611000,Multiple personality disorder (disorder)
262,33693007,Compensation neurosis (disorder)
263,3586005,Psychogenic fugue (disorder)
264,7031000119100,Psychogenic fugue co-occurrent and due to stress reaction (disorder)
265,84209002,Psychogenic amnesia (disorder)
266,225040001,Localized dissociative amnesia (disorder)
267,191677006,Acute hysterical psychosis (disorder)
268,429571005,Sleep-related dissociative disorder (disorder)
269,698952009,Dissociative disorder in remission (disorder)
270,73972002,Postpartum neurosis (disorder)
271,191746002,Psychasthenic neurosis (disorder)
272,268957000,"Neurotic condition, insight present (disorder)"
273,268958005,Poor insight into neurotic condition (disorder)
274,111476001,"Mental disorder usually first evident in infancy, childhood AND/OR adolescence (disorder)"
275,106013002,"Mental disorder of infancy, childhood or adolescence (disorder)"
276,41526007,Reactive attachment disorder (disorder)
277,28857002,Reactive attachment disorder of infancy OR early childhood (disorder)
278,7291006,Reactive attachment disorder of infancy (disorder)
279,5507002,Stereotypy habit disorder (disorder)
280,40083003,Stereotypic movement disorder with self-injurious behavior (disorder)
281,24125008,Mental disorder in infancy (disorder)
282,26453000,Mental disorder in adolescence (disorder)
283,280375000,Psychological disorder associated with sexual development (disorder)
284,192523000,Sexual relationship disorder (disorder)
285,87991007,Gender identity disorder (disorder)
286,280377008,Sexual maturation disorder of sexual identity (disorder)
287,93461009,Gender dysphoria (disorder)
288,280378003,Sexual maturation disorder of sexual orientation (disorder)
289,18003009,Gender identity disorder of adulthood (disorder)
290,13670005,"Gender identity disorder of adulthood, previously heterosexual (disorder)"
291,50878001,"Gender identity disorder of adulthood, previously asexual (disorder)"
292,54417002,"Adult gender identity disorder, sexually attracted to females (disorder)"
293,59216005,"Adult gender identity disorder, sexually attracted to males (disorder)"
294,61180001,"Adult gender identity disorder, sexually attracted to neither sex (disorder)"
295,67123006,"Adult gender identity disorder, sexually attracted to both sexes (disorder)"
296,77815007,"Gender identity disorder of adulthood, previously homosexual (disorder)"
297,5095008,Gender identity disorder of childhood (disorder)
298,57715001,Gender identity disorder of adolescence (disorder)
299,30509009,"Gender identity disorder of adolescence, previously homosexual (disorder)"
300,3503000,"Gender identity disorder of adolescence, previously asexual (disorder)"
301,68963006,"Gender identity disorder of adolescence, previously heterosexual (disorder)"
302,191787001,Psychosexual identity disorder (disorder)
303,3914008,Mental disorder in childhood (disorder)
304,39465007,Emotional deprivation syndrome (disorder)
305,54319003,Disruptive behavior disorder (disorder)
306,82096005,Aggressive type unsocialized behavior disorder (disorder)
307,35253001,"Attention deficit hyperactivity disorder, predominantly inattentive type (disorder)"
308,698689005,"Attention deficit hyperactivity disorder, predominantly inattentive type in remission (disorder)"
309,7461003,"Attention deficit hyperactivity disorder, predominantly hyperactive impulsive type (disorder)"
310,698692009,"Attention deficit hyperactivity disorder, predominantly hyperactive impulsive type in remission (disorder)"
311,430909002,Conduct disorder (disorder)
312,66307007,"Conduct disorder, group type (disorder)"
313,17961008,"Conduct disorder, childhood-onset type (disorder)"
314,192099000,Childhood disorder of conduct and emotion (disorder)
315,231542000,Depressive conduct disorder (disorder)
316,231540008,Conduct disorder - in family context (disorder)
317,192118006,Childhood and adolescent relationship problem (disorder)
318,192119003,Sibling jealousy (disorder)
319,231541007,Conduct disorder - unsocialized (disorder)
320,192082001,Aggressive unsocial conduct disorder (disorder)
321,192092009,Group delinquency (disorder)
322,192100008,Neurotic delinquency (disorder)
323,268661009,Nonaggressive unsocial conduct disorder (disorder)
324,268662002,Unsocial childhood truancy (disorder)
325,18941000,Oppositional defiant disorder (disorder)
326,386820009,Socialized behavior disorder (disorder)
327,48826008,"Conduct disorder, adolescent-onset type (disorder)"
328,74850006,"Conduct disorder, solitary aggressive type (disorder)"
329,61901004,"Conduct disorder, undifferentiated type (disorder)"
330,698947004,Conduct disorder in remission (disorder)
331,31648009,Unaggressive type unsocialized behavior disorder (disorder)
332,717223008,X-linked epilepsy with learning disability and behavior disorder syndrome (disorder)
333,568005,Tic disorder (disorder)
334,230334008,Drug-induced tic (disorder)
335,56573006,Transient tic disorder (disorder)
336,44433009,Recurrent transient tic disorder (disorder)
337,8511007,"Transient tic disorder, single episode (disorder)"
338,191990001,Transient childhood tic (disorder)
339,76236006,Atypical tic disorder (disorder)
340,7794004,Chronic motor tic disorder (disorder)
341,230335009,Facial tic disorder (disorder)
342,230338006,Gestural tic disorder (disorder)
343,73462009,Chronic vocal tic disorder (disorder)
344,402732001,Habit tic (disorder)
345,402733006,Habit tic affecting skin (disorder)
346,403170002,Callosity caused by biting and/or chewing (disorder)
347,402735004,Habit tic affecting hair (disorder)
348,5158005,Gilles de la Tourette's syndrome (disorder)
349,23772009,Dysphonia of Gilles de la Tourette's syndrome (disorder)
350,230336005,Vocal tic disorder (disorder)
351,406506008,Attention deficit hyperactivity disorder (disorder)
352,192132008,Hyperkinetic conduct disorder (disorder)
353,229715008,Deficits in attention motor control and perception (disorder)
354,23148009,Undifferentiated attention deficit disorder (disorder)
355,31177006,"Attention deficit hyperactivity disorder, combined type (disorder)"
356,192127007,Child attention deficit disorder (disorder)
357,192131001,Hyperkinesis with developmental delay (disorder)
358,702815001,"Attention deficit hyperactivity disorder, inattentive presentation (restrictive) (disorder)"
359,129104009,Developmental mental disorder (disorder)
360,192562009,Disorder of psychological development (disorder)
361,35919005,Pervasive developmental disorder (disorder)
362,231536004,Atypical autism (disorder)
363,23560001,Asperger's disorder (disorder)
364,708037001,Residual Asperger's disorder (disorder)
365,68618008,Rett's disorder (disorder)
366,71961003,Childhood disintegrative disorder (disorder)
367,191692007,Active disintegrative psychoses (disorder)
368,191693002,Residual disintegrative psychoses (disorder)
369,373618009,Autistic spectrum disorder with isolated skills (disorder)
370,408856003,Autistic disorder (disorder)
371,408857007,Infantile autism (disorder)
372,43614003,Autistic disorder of childhood onset (disorder)
373,191689008,Active infantile autism (disorder)
374,191690004,Residual infantile autism (disorder)
375,702732007,High-functioning autism (disorder)
376,432091002,Savant syndrome (disorder)
377,442314000,Active but odd autism (disorder)
378,39951000119105,Pervasive developmental disorder of residual state (disorder)
379,702450004,FOXG1 syndrome (disorder)
380,702356009,"X-linked mental retardation, syndromic 13 (disorder)"
381,712884004,Pathological demand avoidance (disorder)
382,718393002,Atypical Rett syndrome (disorder)
383,4949009,Motor skill disorder (disorder)
384,27544004,Developmental coordination disorder (disorder)
385,192147004,Mixed disorder of psychological development (disorder)
386,229729009,Developmental language impairment (disorder)
387,229738006,Word finding difficulty (disorder)
388,229740001,Delayed pre-verbal development (disorder)
389,229741002,Restricted language development (disorder)
390,229742009,Restricted expressive language development (disorder)
391,229743004,Restricted receptive language development (disorder)
392,229744005,Developmental syntactic impairment (disorder)
393,229745006,Developmental semantic impairment (disorder)
394,229748008,Congenital auditory imperception (disorder)
395,280032002,Developmental language disorder (disorder)
396,187921002,Developmental receptive language disorder (disorder)
397,1145003,Developmental speech disorder (disorder)
398,229683000,Motor speech disorder (disorder)
399,229700007,Developmental motor speech disorder (disorder)
400,229721007,Speech delay (disorder)
401,391099000,On examination - speech delay (disorder)
402,716199000,Delayed speech and facial asymmetry with strabismus and ear lobe skin crease syndrome (disorder)
403,268672004,Disorder of speech and language development (disorder)
404,229733002,Expressive language disorder (disorder)
405,230438007,Acquired epileptic aphasia (disorder)
406,268734000,Developmental expressive language disorder (disorder)
407,229621000,Disorder of fluency (disorder)
408,229622007,Dysfluency (disorder)
409,229623002,Developmental dysfluency (disorder)
410,229625009,Normal non-fluency (disorder)
411,229631007,Acquired stammering (disorder)
412,229632000,Neurogenic stammering (disorder)
413,288271000119103,Childhood onset fluency disorder (disorder)
414,133991000119109,Fluency disorder as sequela of cerebrovascular disease (disorder)
415,229734008,Expressive language delay (disorder)
416,62211000119103,Moderate expressive language delay (disorder)
417,62221000119105,Severe expressive language delay (disorder)
418,62231000119108,Mild expressive language delay (disorder)
419,268673009,Developmental aphasia (disorder)
420,231535000,Language development disorder (disorder)
421,386701004,Developmental articulation disorder (disorder)
422,229698003,Articulatory dyspraxia (disorder)
423,229701006,Developmental articulatory dyspraxia (disorder)
424,229699006,Immature articulatory praxis (disorder)
425,427145007,Articulation disorder due to hyperkinesis (disorder)
426,89361000119103,Mild developmental articulation disorder (disorder)
427,441719005,Speech and language developmental delay due to hearing loss (disorder)
428,310814007,Discourse difficulties (disorder)
429,25766007,Mixed receptive-expressive language disorder (disorder)
430,702528003,Developmental delay in receptive-expressive language (disorder)
431,367515004,Receptive language disorder (disorder)
432,229736005,Receptive language delay (disorder)
433,89381000119107,Moderate receptive language delay (disorder)
434,89391000119105,Severe receptive language delay (disorder)
435,89501000119108,Mild receptive language delay (disorder)
436,716578009,Developmental language comprehension impairment (disorder)
437,1855002,Developmental academic disorder (disorder)
438,192575009,Mixed disorder of scholastic skills (disorder)
439,268738002,Specific spelling disorder (disorder)
440,359661001,Specific number difficulty (disorder)
441,31216003,Profound mental retardation (Intelligence Quotient below 20) (disorder)
442,45677003,Developmental expressive writing disorder (disorder)
443,47916000,Developmental arithmetic disorder (disorder)
444,52824009,Developmental reading disorder (disorder)
445,192136006,Specific reading disorder (disorder)
446,443735008,Nonverbal learning disorder (disorder)
447,91138005,Mental retardation (disorder)
448,10007009,Coffin-Siris syndrome (disorder)
449,109478007,Kohlschutter's syndrome (disorder)
450,232059000,Laurence-Moon syndrome (disorder)
451,238110009,Nutritional mental retardation (disorder)
452,313426007,Kabuki make-up syndrome (disorder)
453,21634003,Borjeson-Forssman-Lehmann syndrome (disorder)
454,33982008,Hyperphosphatasemia with mental retardation (disorder)
455,40700009,Severe mental retardation (Intelligence Quotient 20-34) (disorder)
456,5619004,Bardet-Biedl syndrome (disorder)
457,59252009,Cutis laxa-corneal clouding-oligophrenia syndrome (disorder)
458,61152003,Moderate mental retardation (Intelligence Quotient 35-49) (disorder)
459,77287004,Borderline mental retardation (Intelligence Quotient 70-85) (disorder)
460,77383003,Marfanoid mental retardation syndrome (disorder)
461,86765009,Mild mental retardation (Intelligence Quotient 50-70) (disorder)
462,412787009,"Mental retardation, congenital heart disease, blepharophimosis, blepharoptosis and hypoplastic teeth (disorder)"
463,699297004,"Blepharophimosis-mental retardation syndrome, Maat-Kievit-Brunner type (disorder)"
464,699298009,"Blepharophimosis-mental retardation syndrome, Say-Barber-Biesecker-Young-Simpson type (disorder)"
465,414673004,"Mental retardation, dwarfism, and gonadal hypoplasia due to xeroderma pigmentosa (disorder)"
466,422437002,X-linked mental retardation with marfanoid habitus syndrome (disorder)
467,699669001,Renpenning syndrome (disorder)
468,702412005,X-linked intellectual deficit-dystonia-dysarthria syndrome (disorder)
469,702416008,Snyder-Robinson x-linked mental retardation syndrome (disorder)
470,703389002,Calcium/calmodulin-dependent serine protein kinase related intellectual disability (disorder)
471,702816000,Methyl-cytosine phosphate guanine binding protein-2 duplication syndrome (disorder)
472,703535000,Mowat-Wilson syndrome (disorder)
473,715441004,McDonough syndrome (disorder)
474,716024001,Goniodysgenesis with intellectual disability and short stature syndrome (disorder)
475,715409005,Trigonocephaly C syndrome (disorder)
476,715628009,"Intellectual disability, truncal obesity, retinal dystrophy and micropenis syndrome (disorder)"
477,715428003,Skeletal dysplasia with epilepsy and short stature syndrome (disorder)
478,716096005,Hypospadias and intellectual disability syndrome Goldblatt type (disorder)
479,716112005,Microcephaly with deafness and intellectual disability syndrome (disorder)
480,716191002,Alopecia and intellectual disability syndrome (disorder)
481,716334004,Intellectual disability and short stature with hand contracture and genital anomaly syndrome (disorder)
482,717157006,Trisomy 10p (disorder)
483,717222003,Microphthalmia with ankyloblepharon and intellectual disability syndrome (disorder)
484,716089008,Craniofacial digital and genital anomalies syndrome (disorder)
485,715989002,Congenital cataract with intellectual disability and anal atresia and urinary defect syndrome (disorder)
486,716706009,Female restricted epilepsy with intellectual disability syndrome (disorder)
487,716709002,FRAXE intellectual disability syndrome (disorder)
488,716996008,Hypoplasia of corpus callosum and mental retardation with adducted thumbs and spasticity and hydrocephalus syndrome (disorder)
489,718226002,Wolf Hirschhorn syndrome (disorder)
490,716107009,Early onset parkinsonism and intellectual disability syndrome (disorder)
491,231537008,Developmental agnosia (disorder)
492,111479008,Organic mental disorder (disorder)
493,106014008,Organic mental disorder of unknown etiology (disorder)
494,2776000,Delirium (disorder)
495,191507002,Subacute delirium (disorder)
496,191508007,"Subacute confusional state, post-traumatic (disorder)"
497,191509004,"Subacute confusional state, of infective origin (disorder)"
498,191510009,"Subacute confusional state, of endocrine origin (disorder)"
499,191511008,"Subacute confusional state, of metabolic origin (disorder)"
500,191512001,"Subacute confusional state, of cerebrovascular origin (disorder)"
501,231439009,Toxic confusional state (disorder)
502,231450007,Psychosis associated with intensive care (disorder)
503,231451006,Drug-induced intensive care psychosis (disorder)
504,280994000,Chronic confusional state (disorder)
505,85821003,Acute non-psychotic brain syndrome (disorder)
506,191501001,"Acute confusional state, post-traumatic (disorder)"
507,191502008,"Acute confusional state, of infective origin (disorder)"
508,191503003,"Acute confusional state, of endocrine origin (disorder)"
509,191504009,"Acute confusional state, of metabolic origin (disorder)"
510,191505005,"Acute confusional state, of cerebrovascular origin (disorder)"
511,231440006,Delirium of mixed origin (disorder)
512,404906000,Postoperative confusion (disorder)
513,10349009,Multi-infarct dementia with delirium (disorder)
514,191492000,Drug-induced delirium (disorder)
515,31715000,Phencyclidine delirium (disorder)
516,39807006,Cannabis intoxication delirium (disorder)
517,70328006,Cocaine delirium (disorder)
518,8635005,Alcohol withdrawal delirium (disorder)
519,8837000,Amphetamine delirium (disorder)
520,39003006,Psychoactive substance-induced organic delirium (disorder)
521,5444000,"Sedative, hypnotic AND/OR anxiolytic intoxication delirium (disorder)"
522,49481000,Postseizure delirium (disorder)
523,698958008,Delirium in remission (disorder)
524,42594001,Organic mood disorder of depressed type (disorder)
525,45912004,Organic hallucinosis (disorder)
526,193756007,Charles Bonnet syndrome (disorder)
527,28368009,Psychoactive substance-induced organic hallucinosis (disorder)
528,47664006,"Sedative, hypnotic AND/OR anxiolytic-induced psychotic disorder with hallucinations (disorder)"
529,32009006,Hallucinogen hallucinosis (disorder)
530,7052005,Alcohol hallucinosis (disorder)
531,58329000,Organic mood disorder of manic type (disorder)
532,83501007,Organic mood disorder of mixed type (disorder)
533,88845000,Explosive type organic personality disorder (disorder)
534,231457005,Organic psychosyndrome (disorder)
535,231442003,Organic catatonic disorder (disorder)
536,231449007,Epileptic psychosis (disorder)
537,278852008,Paranoid-hallucinatory epileptic psychosis (disorder)
538,23645006,Organic mood disorder (disorder)
539,231443008,Right hemispheric organic affective disorder (disorder)
540,231444002,Organic bipolar disorder (disorder)
541,231446000,Organic emotionally labile disorder (disorder)
542,37331004,Psychoactive substance-induced organic mood disorder (disorder)
543,1383008,Hallucinogen mood disorder (disorder)
544,4863002,Phencyclidine mood disorder (disorder)
545,10327003,Cocaine-induced mood disorder (disorder)
546,28864000,"Sedative, hypnotic AND/OR anxiolytic-induced mood disorder (disorder)"
547,29733004,Opioid-induced mood disorder (disorder)
548,288851000119106,Opioid-induced mood disorder due to opioid abuse (disorder)
549,288861000119108,Opioid-induced mood disorder due to opioid dependence (disorder)
550,53936005,Alcohol-induced mood disorder (disorder)
551,37739004,Mood disorder due to a general medical condition (disorder)
552,22419002,Mood disorder with mixed features due to general medical condition (disorder)
553,28676002,Mood disorder with manic features due to general medical condition (disorder)
554,75837004,Mood disorder with depressive features due to general medical condition (disorder)
555,77486005,Mood disorder with major depressive-like episode due to general medical condition (disorder)
556,5510009,Organic delusional disorder (disorder)
557,32552001,Psychoactive substance-induced organic delusional disorder (disorder)
558,1973000,"Sedative, hypnotic AND/OR anxiolytic-induced psychotic disorder with delusions (disorder)"
559,21831000119109,Phencyclidine psychosis (disorder)
560,50722006,Phencyclidine delusional disorder (disorder)
561,286933003,Confusional state (disorder)
562,162702000,On examination - mentally confused (disorder)
563,44031002,Postseizure confusion (disorder)
564,3298001,Amnestic disorder (disorder)
565,69482004,Korsakoff's psychosis (disorder)
566,191471000,Korsakov's alcoholic psychosis with peripheral neuritis (disorder)
567,73097000,Alcohol amnestic disorder (disorder)
568,83168008,Psychoactive substance-induced organic amnestic disorder (disorder)
569,191494004,Drug-induced amnestic syndrome (disorder)
570,302507002,Sedative amnestic disorder (disorder)
571,17262008,Non-alcoholic Korsakoff's psychosis (disorder)
572,40673001,Post-encephalitic syndrome (disorder)
573,19972008,Postencephalitic parkinsonism (disorder)
574,52448006,Dementia (disorder)
575,278857002,Dementia of frontal lobe type (disorder)
576,51928006,General paresis - neurosyphilis (disorder)
577,82959004,Dementia paralytica juvenilis (disorder)
578,62239001,Parkinson-dementia complex of Guam (disorder)
579,90099008,Subcortical leukoencephalopathy (disorder)
580,9345005,Dialysis dementia (disorder)
581,191519005,Dementia associated with another disease (disorder)
582,230290000,Epileptic dementia (disorder)
583,82381000119103,Epileptic dementia with behavioral disturbance (disorder)
584,230282000,Post-traumatic dementia (disorder)
585,230283005,Punch drunk syndrome (disorder)
586,40425004,Postconcussion syndrome (disorder)
587,698687007,Post-traumatic dementia with behavioral change (disorder)
588,281004,Dementia associated with alcoholism (disorder)
589,429458009,Dementia due to Creutzfeldt Jakob disease (disorder)
590,421529006,Dementia associated with acquired immunodeficiency syndrome (disorder)
591,420614009,Organic dementia associated with acquired immunodeficiency syndrome (disorder)
592,421023003,Presenile dementia associated with acquired immunodeficiency syndrome (disorder)
593,442344002,Dementia due to Huntington chorea (disorder)
594,82361000119107,Altered behavior in dementia due to Huntington chorea (disorder)
595,425390006,Dementia associated with Parkinson's Disease (disorder)
596,101421000119107,Dementia due to Parkinson's disease (disorder)
597,130121000119104,Dementia due to Rett's syndrome (disorder)
598,142811000119104,Dementia due to Alzheimer's disease (disorder)
599,21921000119103,Dementia due to Pick's disease (disorder)
600,698624003,Dementia associated with cerebral lipidosis (disorder)
601,698625002,Dementia associated with normal pressure hydrocephalus (disorder)
602,698626001,Dementia associated with multiple sclerosis (disorder)
603,82371000119101,Dementia due to multiple sclerosis with altered behavior (disorder)
604,698725008,Dementia associated with neurosyphilis (disorder)
605,698726009,Dementia associated with viral encephalitis (disorder)
606,698781002,Dementia associated with cerebral anoxia (disorder)
607,429998004,Vascular dementia (disorder)
608,56267009,Multi-infarct dementia (disorder)
609,14070001,Multi-infarct dementia with depression (disorder)
610,25772007,Multi-infarct dementia with delusions (disorder)
611,70936005,"Multi-infarct dementia, uncomplicated (disorder)"
612,106021000119105,Multi-infarct dementia due to atherosclerosis (disorder)
613,230286002,Subcortical vascular dementia (disorder)
614,230287006,Mixed cortical and subcortical vascular dementia (disorder)
615,230285003,Vascular dementia of acute onset (disorder)
616,191464005,Arteriosclerotic dementia with delirium (disorder)
617,191463004,Uncomplicated arteriosclerotic dementia (disorder)
618,191466007,Arteriosclerotic dementia with depression (disorder)
619,191465006,Arteriosclerotic dementia with paranoia (disorder)
620,698948009,Vascular dementia in remission (disorder)
621,288631000119104,Vascular dementia with behavioral disturbance (disorder)
622,230289009,Patchy dementia (disorder)
623,230288001,Semantic dementia (disorder)
624,26929004,Alzheimer's disease (disorder)
625,230269008,Focal Alzheimer's disease (disorder)
626,230280008,Progressive aphasia in Alzheimer's disease (disorder)
627,416975007,"Primary degenerative dementia of the Alzheimer type, senile onset (disorder)"
628,26852004,"Primary degenerative dementia of the Alzheimer type, senile onset, with depression (disorder)"
629,4817008,"Primary degenerative dementia of the Alzheimer type, senile onset, with delirium (disorder)"
630,55009008,"Primary degenerative dementia of the Alzheimer type, senile onset, with delusions (disorder)"
631,66108005,"Primary degenerative dementia of the Alzheimer type, senile onset, uncomplicated (disorder)"
632,230267005,Familial Alzheimer's disease of late onset (disorder)
633,230268000,Non-familial Alzheimer's disease of late onset (disorder)
634,698954005,"Primary degenerative dementia of the Alzheimer type, senile onset in remission (disorder)"
635,416780008,"Primary degenerative dementia of the Alzheimer type, presenile onset (disorder)"
636,10532003,"Primary degenerative dementia of the Alzheimer type, presenile onset, with depression (disorder)"
637,54502004,"Primary degenerative dementia of the Alzheimer type, presenile onset, with delusions (disorder)"
638,6475002,"Primary degenerative dementia of the Alzheimer type, presenile onset, uncomplicated (disorder)"
639,65096006,"Primary degenerative dementia of the Alzheimer type, presenile onset, with delirium (disorder)"
640,230265002,Familial Alzheimer's disease of early onset (disorder)
641,230266001,Non-familial Alzheimer's disease of early onset (disorder)
642,698955006,"Primary degenerative dementia of the Alzheimer type, presenile onset in remission (disorder)"
643,105421000119105,Early onset Alzheimer's disease with behavioral disturbance (disorder)
644,1581000119101,Dementia of the Alzheimer type with behavioral disturbance (disorder)
645,97751000119108,Altered behavior in Alzheimer's disease (disorder)
646,141991000119109,Delusions in Alzheimer's disease (disorder)
647,142001000119106,Depressed mood in Alzheimer's disease (disorder)
648,142011000119109,Alzheimer's disease co-occurrent with delirium (disorder)
649,191493005,Drug-induced dementia (disorder)
650,111480006,Psychoactive substance-induced organic dementia (disorder)
651,59651006,"Sedative, hypnotic AND/OR anxiolytic-induced persisting dementia (disorder)"
652,32875003,Inhalant-induced persisting dementia (disorder)
653,79341000119107,Mixed dementia (disorder)
654,22381000119105,Primary degenerative dementia (disorder)
655,1591000119103,Dementia with behavioral disturbance (disorder)
656,698949001,Dementia in remission (disorder)
657,713844000,Dementia co-occurrent with human immunodeficiency virus infection (disorder)
658,713488003,Presenile dementia co-occurrent with human immunodeficiency virus infection (disorder)
659,715737004,Parkinsonism co-occurrent with dementia of Guadeloupe (disorder)
660,268612007,Senile and presenile organic psychotic conditions (disorder)
661,12348006,Presenile dementia (disorder)
662,191451009,Uncomplicated presenile dementia (disorder)
663,191452002,Presenile dementia with delirium (disorder)
664,191454001,Presenile dementia with paranoia (disorder)
665,191455000,Presenile dementia with depression (disorder)
666,31081000119101,Presenile dementia with delusions (disorder)
667,15662003,Senile dementia (disorder)
668,191449005,Uncomplicated senile dementia (disorder)
669,191457008,Senile dementia with depressive or paranoid features (disorder)
670,191458003,Senile dementia with paranoia (disorder)
671,191459006,Senile dementia with depression (disorder)
672,191461002,Senile dementia with delirium (disorder)
673,312991009,Senile dementia of the Lewy body type (disorder)
674,371024007,Senile dementia with delusion (disorder)
675,371026009,Senile dementia with psychosis (disorder)
676,191447007,Organic psychotic condition (disorder)
677,191499009,Transient organic psychoses (disorder)
678,192072002,Organic memory impairment (disorder)
679,231448004,Age-associated memory impairment (disorder)
680,140621000119106,Memory disorder co-occurrent and due to organic brain damage (disorder)
681,36217008,Organic personality disorder (disorder)
682,231452004,Limbic epilepsy personality syndrome (disorder)
683,231453009,Lobotomy syndrome (disorder)
684,231456001,Postleucotomy syndrome (disorder)
685,46721000,Psychoactive substance-induced organic personality disorder (disorder)
686,231454003,Organic pseudopsychopathic personality (disorder)
687,231455002,Organic pseudoretarded personality (disorder)
688,129606007,Frontal lobe syndrome (disorder)
689,11387009,Psychoactive substance-induced organic mental disorder (disorder)
690,14784000,Opioid-induced organic mental disorder (disorder)
691,19445006,Opioid-induced psychotic disorder with hallucinations (disorder)
692,20385005,Opioid-induced psychotic disorder with delusions (disorder)
693,71328000,Opioid-induced sexual dysfunction (disorder)
694,87132004,Opioid withdrawal (disorder)
695,230443000,Narcotic withdrawal epilepsy (disorder)
696,52866005,Opioid intoxication delirium (disorder)
697,29212009,Alcohol-induced organic mental disorder (disorder)
698,41083005,Alcohol-induced sleep disorder (disorder)
699,42344001,Alcohol-induced psychosis (disorder)
700,191475009,Chronic alcoholic brain syndrome (disorder)
701,61144001,Alcohol-induced psychotic disorder with delusions (disorder)
702,79578000,Alcohol paranoia (disorder)
703,191477001,Pathological alcohol intoxication (disorder)
704,191478006,Alcoholic paranoia (disorder)
705,18653004,Alcohol intoxication delirium (disorder)
706,191480000,Alcohol withdrawal syndrome (disorder)
707,85561006,Uncomplicated alcohol withdrawal (disorder)
708,191476005,Alcohol withdrawal hallucinosis (disorder)
709,30310000,Nicotine-induced organic mental disorder (disorder)
710,90755006,Nicotine withdrawal (disorder)
711,33871004,Phencyclidine-induced psychotic disorder with hallucinations (disorder)
712,46975003,Cocaine-induced organic mental disorder (disorder)
713,27956007,Cocaine intoxication (disorder)
714,30491001,Cocaine delusional disorder (disorder)
715,6348008,Cocaine-induced psychotic disorder with hallucinations (disorder)
716,80868005,Cocaine withdrawal (disorder)
717,53050002,Hallucinogen-induced organic mental disorder (disorder)
718,30871003,Flashbacks (disorder)
719,417143004,Short duration flashbacks (disorder)
720,416073003,Long duration flashbacks (disorder)
721,416714005,Episodic flashbacks (disorder)
722,417360004,Duplicative flashbacks (disorder)
723,40571009,Hallucinogen intoxication delirium (disorder)
724,50320000,Hallucinogen intoxication (disorder)
725,50933003,Hallucinogen delusional disorder (disorder)
726,15277004,Hallucinogen-induced anxiety disorder (disorder)
727,74934004,Psychoactive substance-induced organic withdrawal (disorder)
728,77355000,Cannabis-induced organic mental disorder (disorder)
729,26714005,Cannabis-induced psychotic disorder with hallucinations (disorder)
730,39951001,Cannabis-induced anxiety disorder (disorder)
731,63649001,Cannabis delusional disorder (disorder)
732,83367009,Amphetamine-induced organic mental disorder (disorder)
733,32358001,Amphetamine delusional disorder (disorder)
734,43497001,Amphetamine-induced mood disorder (disorder)
735,70932007,Amphetamine-induced sexual dysfunction (disorder)
736,78358001,Amphetamine withdrawal (disorder)
737,51443000,Amphetamine-induced psychotic disorder with hallucinations (disorder)
738,309279000,Caffeine-induced organic mental disorder (disorder)
739,56194001,Caffeine-induced sleep disorder (disorder)
740,70655008,Caffeine-induced anxiety disorder (disorder)
741,95635002,Caffeine withdrawal (disorder)
742,312936002,Anxiolytic-induced organic mental disorder (disorder)
743,61104008,Inhalant-induced organic mental disorder (disorder)
744,20876004,Inhalant-induced anxiety disorder (disorder)
745,63983005,Inhalant-induced psychotic disorder with hallucinations (disorder)
746,75122001,Inhalant-induced psychotic disorder with delusions (disorder)
747,89451009,Inhalant-induced mood disorder (disorder)
748,18689007,Inhalant intoxication delirium (disorder)
749,288461000119105,Psychosis caused by inhalant (disorder)
750,21000000,Idiosyncratic intoxication (disorder)
751,420774007,Organic brain syndrome associated with acquired immunodeficiency syndrome (disorder)
752,425919003,Chronic organic mental disorder (disorder)
753,428703001,Transient organic mental disorder (disorder)
754,703041000,Dysexecutive syndrome (disorder)
755,713491003,Organic brain syndrome co-occurrent with human immunodeficiency virus infection (disorder)
756,268664001,Childhood emotional disorder (disorder)
757,192108001,Disturbance of anxiety and fearfulness in childhood and adolescence (disorder)
758,192110004,Childhood and adolescent fearfulness disturbance (disorder)
759,231539006,Adolescent - emotional problem (disorder)
760,268666004,Childhood and adolescent disturbance with sensitivity (disorder)
761,268667008,Childhood and adolescent disturbance with shyness (disorder)
762,268668003,Childhood and adolescent disturbance with introversion (disorder)
763,128293007,Chronic mental disorder (disorder)
764,14183003,"Chronic major depressive disorder, single episode (disorder)"
765,51637008,"Chronic bipolar I disorder, most recent episode depressed (disorder)"
766,83746006,Chronic schizophrenia (disorder)
767,12939007,Chronic disorganized schizophrenia (disorder)
768,35218008,Chronic disorganized schizophrenia with acute exacerbations (disorder)
769,29599000,Chronic undifferentiated schizophrenia (disorder)
770,79204003,Chronic undifferentiated schizophrenia with acute exacerbations (disorder)
771,31658008,Chronic paranoid schizophrenia (disorder)
772,191555002,Acute exacerbation of chronic paranoid schizophrenia (disorder)
773,68995007,Chronic catatonic schizophrenia (disorder)
774,191548004,Acute exacerbation of chronic catatonic schizophrenia (disorder)
775,71103003,Chronic residual schizophrenia (disorder)
776,30336007,Chronic residual schizophrenia with acute exacerbations (disorder)
777,191531007,Acute exacerbation of chronic schizophrenia (disorder)
778,191539009,Acute exacerbation of chronic hebephrenic schizophrenia (disorder)
779,40987004,Intermittent explosive disorder (disorder)
780,191564007,Acute exacerbation of chronic latent schizophrenia (disorder)
781,191572009,Acute exacerbation of chronic schizoaffective schizophrenia (disorder)
782,192080009,Chronic depression (disorder)
783,2618002,Chronic recurrent major depressive disorder (disorder)
784,191590005,Recurrent manic episodes (disorder)
785,191592002,"Recurrent manic episodes, mild (disorder)"
786,191593007,"Recurrent manic episodes, moderate (disorder)"
787,191595000,"Recurrent manic episodes, severe, with psychosis (disorder)"
788,191597008,"Recurrent manic episodes, in full remission (disorder)"
789,191616006,Recurrent depression (disorder)
790,40568001,Recurrent brief depressive disorder (disorder)
791,66344007,Recurrent major depression (disorder)
792,18818009,Moderate recurrent major depression (disorder)
793,38694004,Recurrent major depressive disorder with atypical features (disorder)
794,39809009,Recurrent major depressive disorder with catatonic features (disorder)
795,40379007,Mild recurrent major depression (disorder)
796,68019004,Recurrent major depression in remission (disorder)
797,33135002,Recurrent major depression in partial remission (disorder)
798,46244001,Recurrent major depression in full remission (disorder)
799,71336009,Recurrent major depressive disorder with postpartum onset (disorder)
800,319768000,Recurrent major depressive disorder with melancholic features (disorder)
801,268621008,Recurrent major depressive episodes (disorder)
802,191610000,"Recurrent major depressive episodes, mild (disorder)"
803,191611001,"Recurrent major depressive episodes, moderate (disorder)"
804,191613003,"Recurrent major depressive episodes, severe, with psychosis (disorder)"
805,191615005,"Recurrent major depressive episodes, in full remission (disorder)"
806,281000119103,Severe recurrent major depression (disorder)
807,28475009,Severe recurrent major depression with psychotic features (disorder)
808,15193003,"Severe recurrent major depression with psychotic features, mood-incongruent (disorder)"
809,33078009,"Severe recurrent major depression with psychotic features, mood-congruent (disorder)"
810,36474008,Severe recurrent major depression without psychotic features (disorder)
811,274948002,Endogenous depression - recurrent (disorder)
812,247803002,Seasonal affective disorder (disorder)
813,133121000119109,Severe seasonal affective disorder (disorder)
814,442057004,Chronic depressive personality disorder (disorder)
815,442245003,Chronic hypomanic personality disorder (disorder)
816,17226007,Adjustment disorder (disorder)
817,192054008,Culture shock (disorder)
818,271952001,Stress and adjustment reaction (disorder)
819,300979000,Carer stress syndrome (disorder)
820,162218007,Stress-related problem (disorder)
821,92501000119101,Stress reaction with psychomotor agitation (disorder)
822,15977008,Adjustment disorder with academic inhibition (disorder)
823,18478005,Adjustment disorder with physical complaints (disorder)
824,32880007,Adjustment disorder with work inhibition (disorder)
825,47372000,Adjustment disorder with anxious mood (disorder)
826,698693004,Adjustment disorder with anxious mood in remission (disorder)
827,55668003,Adjustment disorder with mixed emotional features (disorder)
828,57194009,Adjustment disorder with depressed mood (disorder)
829,192046006,Brief depressive adjustment reaction (disorder)
830,192049004,Prolonged depressive adjustment reaction (disorder)
831,698696007,Adjustment disorder with depressed mood in remission (disorder)
832,7397008,Aggressor identification syndrome (disorder)
833,84984002,Adjustment disorder with disturbance of conduct (disorder)
834,66381006,Adjustment disorder with mixed disturbance of emotions AND conduct (disorder)
835,698697003,Adjustment disorder with mixed disturbance of emotions and conduct in remission (disorder)
836,192056005,Adjustment reaction with aggression (disorder)
837,192057001,Adjustment reaction with antisocial behavior (disorder)
838,192058006,Adjustment reaction with destructiveness (disorder)
839,9674006,Adjustment disorder with withdrawal (disorder)
840,192061007,Concentration camp syndrome (disorder)
841,192063005,Adjustment reaction with physical symptoms (disorder)
842,192052007,Early adult emancipation disorder (disorder)
843,268658008,Specific academic or work inhibition (disorder)
844,275473003,Specific work inhibition (disorder)
845,192064004,Elective mutism due to an adjustment reaction (disorder)
846,192065003,Hospitalism (disorder)
847,386821008,Adjustment reaction in infancy (disorder)
848,386822001,Adjustment reaction of adolescence (disorder)
849,386823006,Adjustment reaction of adult life (disorder)
850,386824000,Adjustment reaction of childhood (disorder)
851,386825004,Adjustment reaction of late life (disorder)
852,192051000,Adolescent emancipation disorder (disorder)
853,425914008,Adjustment reaction to medical therapy (disorder)
854,698701000,Adjustment disorder in remission (disorder)
855,19480005,Axis V diagnosis (disorder)
856,89989005,Deferred diagnosis on Axis V (disorder)
857,24121004,Insomnia disorder related to another mental disorder (disorder)
858,33449004,Personality disorder (disorder)
859,191765005,Emotionally unstable personality disorder (disorder)
860,231527003,Explosive personality disorder (disorder)
861,192097003,Isolated explosive disorder (disorder)
862,20010003,Borderline personality disorder (disorder)
863,698700004,Borderline personality disorder in remission (disorder)
864,191772006,Eccentric personality disorder (disorder)
865,192527004,Elaboration of physical symptoms for psychological reasons (disorder)
866,231528008,Anxious personality disorder (disorder)
867,16805009,Cluster A personality disorder (disorder)
868,13601005,Paranoid personality disorder (disorder)
869,31027006,Schizotypal personality disorder (disorder)
870,191559008,Latent schizophrenia (disorder)
871,274952002,Borderline schizophrenia (disorder)
872,191561004,Subchronic latent schizophrenia (disorder)
873,191562006,Chronic latent schizophrenia (disorder)
874,191563001,Acute exacerbation of subchronic latent schizophrenia (disorder)
875,191565008,Latent schizophrenia in remission (disorder)
876,52954000,Schizoid personality disorder (disorder)
877,268633003,Introverted personality disorder (disorder)
878,4306003,Cluster B personality disorder (disorder)
879,26665006,Antisocial personality disorder (disorder)
880,698699000,Antisocial personality disorder in remission (disorder)
881,55341008,Histrionic personality disorder (disorder)
882,191766006,Psychoinfantile personality (disorder)
883,80711002,Narcissistic personality disorder (disorder)
884,44966003,Passive aggressive personality disorder (disorder)
885,83890006,Cluster C personality disorder (disorder)
886,1376001,Obsessive compulsive personality disorder (disorder)
887,473456000,Compulsive personality disorder (disorder)
888,473457009,Obsessional personality disorder (disorder)
889,37746008,Avoidant personality disorder (disorder)
890,698690001,Avoidant personality disorder in remission (disorder)
891,84466009,Dependent personality disorder (disorder)
892,191753006,Hypomanic personality disorder (disorder)
893,191773001,Immature personality disorder (disorder)
894,191774007,Masochistic personality disorder (disorder)
895,192073007,Change in personality (disorder)
896,231525006,Manipulative personality disorder (disorder)
897,231526007,Fanatic personality (disorder)
898,231530005,Post-concussional personality disorder (disorder)
899,268634009,Psychoneurotic personality disorder (disorder)
900,34485008,Axis IV diagnosis (disorder)
901,29657007,Deferred diagnosis on Axis IV (disorder)
902,46206005,Mood disorder (disorder)
903,13746004,Bipolar disorder (disorder)
904,191618007,"Bipolar affective disorder, current episode manic (disorder)"
905,1499003,"Bipolar I disorder, single manic episode with postpartum onset (disorder)"
906,17782008,"Bipolar I disorder, most recent episode manic with catatonic features (disorder)"
907,55516002,"Bipolar I disorder, most recent episode manic with postpartum onset (disorder)"
908,68569003,Manic bipolar I disorder (disorder)
909,45479006,Manic bipolar I disorder in remission (disorder)
910,30935000,Manic bipolar I disorder in full remission (disorder)
911,63249007,Manic bipolar I disorder in partial remission (disorder)
912,71984005,Mild manic bipolar I disorder (disorder)
913,41552001,"Mild bipolar I disorder, single manic episode (disorder)"
914,82998009,Moderate manic bipolar I disorder (disorder)
915,28884001,"Moderate bipolar I disorder, single manic episode (disorder)"
916,23741000119105,Severe manic bipolar I disorder (disorder)
917,162004,Severe manic bipolar I disorder without psychotic features (disorder)
918,28663008,Severe manic bipolar I disorder with psychotic features (disorder)
919,33380008,"Severe manic bipolar I disorder with psychotic features, mood-incongruent (disorder)"
920,78640000,"Severe manic bipolar I disorder with psychotic features, mood-congruent (disorder)"
921,78269000,"Bipolar I disorder, single manic episode, in partial remission (disorder)"
922,87950005,"Bipolar I disorder, single manic episode with catatonic features (disorder)"
923,191620005,"Bipolar affective disorder, currently manic, mild (disorder)"
924,191621009,"Bipolar affective disorder, currently manic, moderate (disorder)"
925,191623007,"Bipolar affective disorder, currently manic, severe, with psychosis (disorder)"
926,191625000,"Bipolar affective disorder, currently manic, in full remission (disorder)"
927,191627008,"Bipolar affective disorder, current episode depression (disorder)"
928,1196001,"Chronic bipolar II disorder, most recent episode major depressive (disorder)"
929,16295005,"Bipolar II disorder, most recent episode major depressive (disorder)"
930,22407005,"Bipolar II disorder, most recent episode major depressive with catatonic features (disorder)"
931,30687003,"Bipolar II disorder, most recent episode major depressive with postpartum onset (disorder)"
932,34315001,"Bipolar II disorder, most recent episode major depressive with melancholic features (disorder)"
933,43568002,"Bipolar II disorder, most recent episode major depressive with atypical features (disorder)"
934,49468007,Depressed bipolar I disorder (disorder)
935,53607008,Depressed bipolar I disorder in remission (disorder)
936,22121000,Depressed bipolar I disorder in full remission (disorder)
937,49512000,Depressed bipolar I disorder in partial remission (disorder)
938,66631006,Moderate depressed bipolar I disorder (disorder)
939,74686005,Mild depressed bipolar I disorder (disorder)
940,261000119107,Severe depressed bipolar I disorder (disorder)
941,59617007,Severe depressed bipolar I disorder with psychotic features (disorder)
942,26203008,"Severe depressed bipolar I disorder with psychotic features, mood-incongruent (disorder)"
943,54761006,"Severe depressed bipolar I disorder with psychotic features, mood-congruent (disorder)"
944,61403008,Severe depressed bipolar I disorder without psychotic features (disorder)
945,75752004,"Bipolar I disorder, most recent episode depressed with melancholic features (disorder)"
946,191629006,"Bipolar affective disorder, currently depressed, mild (disorder)"
947,191630001,"Bipolar affective disorder, currently depressed, moderate (disorder)"
948,191632009,"Bipolar affective disorder, currently depressed, severe, with psychosis (disorder)"
949,191634005,"Bipolar affective disorder, currently depressed, in full remission (disorder)"
950,13313007,Mild bipolar disorder (disorder)
951,43769008,Mild mixed bipolar I disorder (disorder)
952,38368003,"Schizoaffective disorder, bipolar type (disorder)"
953,79584002,Moderate bipolar disorder (disorder)
954,40926005,Moderate mixed bipolar I disorder (disorder)
955,35846004,"Moderate bipolar II disorder, most recent episode major depressive (disorder)"
956,83225003,Bipolar II disorder (disorder)
957,48937005,"Bipolar II disorder, most recent episode hypomanic (disorder)"
958,71294008,"Mild bipolar II disorder, most recent episode major depressive (disorder)"
959,12969000,"Severe bipolar II disorder, most recent episode major depressive, in full remission (disorder)"
960,35722002,"Severe bipolar II disorder, most recent episode major depressive, in remission (disorder)"
961,67002003,"Severe bipolar II disorder, most recent episode major depressive, in partial remission (disorder)"
962,61771000119106,"Bipolar II disorder, most recent episode rapid cycling (disorder)"
963,85248005,Bipolar disorder in remission (disorder)
964,35481005,Mixed bipolar I disorder in remission (disorder)
965,111485001,Mixed bipolar I disorder in full remission (disorder)
966,36583000,Mixed bipolar I disorder in partial remission (disorder)
967,41836007,Bipolar disorder in full remission (disorder)
968,5703000,Bipolar disorder in partial remission (disorder)
969,191636007,Mixed bipolar affective disorder (disorder)
970,16506000,Mixed bipolar I disorder (disorder)
971,192362008,"Bipolar affective disorder, current episode mixed (disorder)"
972,65042007,"Bipolar I disorder, most recent episode mixed with postpartum onset (disorder)"
973,73471000,"Bipolar I disorder, most recent episode mixed with catatonic features (disorder)"
974,191638008,"Mixed bipolar affective disorder, mild (disorder)"
975,191639000,"Mixed bipolar affective disorder, moderate (disorder)"
976,191641004,"Mixed bipolar affective disorder, severe, with psychosis (disorder)"
977,191643001,"Mixed bipolar affective disorder, in full remission (disorder)"
978,271000119101,Severe mixed bipolar I disorder (disorder)
979,10981006,Severe mixed bipolar I disorder with psychotic features (disorder)
980,10875004,"Severe mixed bipolar I disorder with psychotic features, mood-incongruent (disorder)"
981,64731001,"Severe mixed bipolar I disorder with psychotic features, mood-congruent (disorder)"
982,46229002,Severe mixed bipolar I disorder without psychotic features (disorder)
983,371596008,Bipolar I disorder (disorder)
984,21900002,"Bipolar I disorder, most recent episode depressed with catatonic features (disorder)"
985,29929003,"Bipolar I disorder, most recent episode depressed with atypical features (disorder)"
986,31446002,"Bipolar I disorder, most recent episode hypomanic (disorder)"
987,75360000,"Bipolar I disorder, single manic episode, in remission (disorder)"
988,3530005,"Bipolar I disorder, single manic episode, in full remission (disorder)"
989,87203005,"Bipolar I disorder, most recent episode depressed with postpartum onset (disorder)"
990,9340000,"Bipolar I disorder, single manic episode (disorder)"
991,133091000119105,Rapid cycling bipolar I disorder (disorder)
992,371600003,Severe bipolar disorder (disorder)
993,4441000,Severe bipolar disorder with psychotic features (disorder)
994,19300006,"Severe bipolar II disorder, most recent episode major depressive with psychotic features, mood-congruent (disorder)"
995,20960007,"Severe bipolar II disorder, most recent episode major depressive with psychotic features, mood-incongruent (disorder)"
996,26530004,"Severe bipolar disorder with psychotic features, mood-incongruent (disorder)"
997,41832009,"Severe bipolar I disorder, single manic episode with psychotic features (disorder)"
998,13581000,"Severe bipolar I disorder, single manic episode with psychotic features, mood-congruent (disorder)"
999,86058007,"Severe bipolar I disorder, single manic episode with psychotic features, mood-incongruent (disorder)"
1000,70546001,"Severe bipolar disorder with psychotic features, mood-congruent (disorder)"
1001,53049002,Severe bipolar disorder without psychotic features (disorder)
1002,14495005,"Severe bipolar I disorder, single manic episode without psychotic features (disorder)"
1003,81319007,"Severe bipolar II disorder, most recent episode major depressive without psychotic features (disorder)"
1004,371599001,Severe bipolar I disorder (disorder)
1005,371604007,Severe bipolar II disorder (disorder)
1006,30520009,"Severe bipolar II disorder, most recent episode major depressive with psychotic features (disorder)"
1007,26516009,Severe mood disorder with psychotic features (disorder)
1008,58647003,"Severe mood disorder with psychotic features, mood-congruent (disorder)"
1009,70043001,"Severe mood disorder with psychotic features, mood-incongruent (disorder)"
1010,28357009,Transitory postpartum mood disturbance (disorder)
1011,35489007,Depressive disorder (disorder)
1012,191659001,Atypical depressive disorder (disorder)
1013,42925002,"Major depressive disorder, single episode with atypical features (disorder)"
1014,231485007,Post-schizophrenic depression (disorder)
1015,231500002,Masked depression (disorder)
1016,300706003,Endogenous depression (disorder)
1017,321717001,Involutional depression (disorder)
1018,231499006,Endogenous depression first episode (disorder)
1019,268620009,Single major depressive episode (disorder)
1020,191601008,"Single major depressive episode, mild (disorder)"
1021,191602001,"Single major depressive episode, moderate (disorder)"
1022,191604000,"Single major depressive episode, severe, with psychosis (disorder)"
1023,191606003,"Single major depressive episode, in full remission (disorder)"
1024,357705009,Cotard's syndrome (disorder)
1025,48589009,Minor depressive disorder (disorder)
1026,596004,Premenstrual dysphoric disorder (disorder)
1027,426578000,Premenstrual dysphoric disorder in remission (disorder)
1028,58703003,Postpartum depression (disorder)
1029,237349002,Mild postnatal depression (disorder)
1030,237350002,Severe postnatal depression (disorder)
1031,279225001,Maternity blues (disorder)
1032,25922000,"Major depressive disorder, single episode with postpartum onset (disorder)"
1033,78667006,Dysthymia (disorder)
1034,19694002,Late onset dysthymia (disorder)
1035,36170009,Secondary dysthymia late onset (disorder)
1036,67711008,Primary dysthymia late onset (disorder)
1037,2506003,Early onset dysthymia (disorder)
1038,3109008,Secondary dysthymia early onset (disorder)
1039,38451003,Primary dysthymia early onset (disorder)
1040,83176005,Primary dysthymia (disorder)
1041,85080004,Secondary dysthymia (disorder)
1042,87842000,Generalized neuromuscular exhaustion syndrome (disorder)
1043,79842004,Stuporous depression (disorder)
1044,82218004,Postoperative depression (disorder)
1045,83458005,Agitated depression (disorder)
1046,84760002,"Schizoaffective disorder, depressive type (disorder)"
1047,84788008,Menopausal depression (disorder)
1048,191676002,Reactive depressive psychosis (disorder)
1049,288751000119101,"Reactive depressive psychosis, single episode (disorder)"
1050,192079006,Postviral depression (disorder)
1051,310495003,Mild depression (disorder)
1052,87512008,Mild major depression (disorder)
1053,79298009,"Mild major depression, single episode (disorder)"
1054,310496002,Moderate depression (disorder)
1055,832007,Moderate major depression (disorder)
1056,15639000,"Moderate major depression, single episode (disorder)"
1057,310497006,Severe depression (disorder)
1058,450714000,Severe major depression (disorder)
1059,251000119105,"Severe major depression, single episode (disorder)"
1060,73867007,Severe major depression with psychotic features (disorder)
1061,33736005,"Severe major depression with psychotic features, mood-congruent (disorder)"
1062,77911002,"Severe major depression, single episode, with psychotic features, mood-congruent (disorder)"
1063,60099002,"Severe major depression with psychotic features, mood-incongruent (disorder)"
1064,20250007,"Severe major depression, single episode, with psychotic features, mood-incongruent (disorder)"
1065,430852001,"Severe major depression, single episode, with psychotic features (disorder)"
1066,75084000,Severe major depression without psychotic features (disorder)
1067,76441001,"Severe major depression, single episode, without psychotic features (disorder)"
1068,370143000,Major depressive disorder (disorder)
1069,320751009,"Major depression, melancholic type (disorder)"
1070,36923009,"Major depression, single episode (disorder)"
1071,19527009,Single episode of major depression in full remission (disorder)
1072,63778009,"Major depressive disorder, single episode with melancholic features (disorder)"
1073,69392006,"Major depressive disorder, single episode with catatonic features (disorder)"
1074,70747007,"Major depression single episode, in partial remission (disorder)"
1075,42810003,Major depression in remission (disorder)
1076,30605009,Major depression in partial remission (disorder)
1077,63412003,Major depression in full remission (disorder)
1078,10811121000119102,Major depressive disorder in mother complicating childbirth (disorder)
1079,10811161000119107,Major depressive disorder in mother complicating pregnancy (disorder)
1080,162722001,On examination - depressed (disorder)
1081,191495003,Drug-induced depressive state (disorder)
1082,87414006,Reactive depression (situational) (disorder)
1083,698957003,Depressive disorder in remission (disorder)
1084,10835871000119104,Depressive disorder in mother complicating childbirth (disorder)
1085,94631000119100,Depressive disorder in mother complicating pregnancy (disorder)
1086,712823008,Acute depression (disorder)
1087,36622002,Mild mood disorder (disorder)
1088,38547003,Mood disorder in full remission (disorder)
1089,74266001,Mood disorder in partial remission (disorder)
1090,88939009,Severe mood disorder without psychotic features (disorder)
1091,9167000,Moderate mood disorder (disorder)
1092,76105009,Cyclothymia (disorder)
1093,698946008,Cyclothymia in remission (disorder)
1094,429672007,Drug-induced mood disorder (disorder)
1095,21071000119101,Mood disorder of manic type (disorder)
1096,231494001,Mania (disorder)
1097,231495000,Manic stupor (disorder)
1098,191658009,Atypical manic disorder (disorder)
1099,268619003,"Manic disorder, single episode (disorder)"
1100,191583000,"Single manic episode, mild (disorder)"
1101,191584006,"Single manic episode, moderate (disorder)"
1102,191586008,"Single manic episode, severe, with psychosis (disorder)"
1103,191588009,Single manic episode in full remission (disorder)
1104,231496004,Hypomania (disorder)
1105,94921000119107,Episodic mood disorder (disorder)
1106,21061000119107,Mood disorder of depressed type (disorder)
1107,715924009,Disruptive mood dysregulation disorder (disorder)
1108,48500005,Delusional disorder (disorder)
1109,162313000,Morbid jealousy (disorder)
1110,231487004,Persistent delusional disorder (disorder)
1111,278508007,Delusional dysmorphophobia (disorder)
1112,33323008,Somatic delusion disorder (disorder)
1113,278506006,Involutional paranoid state (disorder)
1114,280949006,Erotomania (disorder)
1115,18573003,Obsessional erotomania (disorder)
1116,14144000,Erotomanic delusion disorder (disorder)
1117,26472000,Paraphrenia (disorder)
1118,38295006,Involutional paraphrenia (disorder)
1119,47447001,Grandiose delusion disorder (disorder)
1120,60123008,"Delusional disorder, mixed type (disorder)"
1121,77475008,Jealous delusion disorder (disorder)
1122,89618007,Persecutory delusion disorder (disorder)
1123,191667009,Paranoid disorder (disorder)
1124,191668004,Simple paranoid state (disorder)
1125,191670008,Shared paranoid disorder (disorder)
1126,191672000,Paranoia querulans (disorder)
1127,268622001,Chronic paranoid psychosis (disorder)
1128,129604005,Delusion of heart disease syndrome (disorder)
1129,427975003,Drug-induced delusional disorder (disorder)
1130,698951002,Delusional disorder in remission (disorder)
1131,50705009,Factitious disorder (disorder)
1132,10278007,Factitious purpura (disorder)
1133,109805003,Factitious cheilitis (disorder)
1134,230455006,Self-induced non-photosensitive epilepsy (disorder)
1135,233690008,Factitious asthma (disorder)
1136,16966009,Factitious hypoglycemia (disorder)
1137,21586000,Munchausen's syndrome (disorder)
1138,24315006,Factitious disorder with combined physical AND psychological symptoms (disorder)
1139,27720003,Dermatitis factitia (disorder)
1140,4997005,Thyrotoxicosis factitia (disorder)
1141,88740003,Thyrotoxicosis factitia with thyrotoxic crisis (disorder)
1142,95637005,Munchausen syndrome by proxy (disorder)
1143,403590001,Cutaneous Munchausen syndrome by proxy (disorder)
1144,430744005,Factitious disorder with predominantly physical signs and symptoms (disorder)
1145,430751001,Factitious disorder with predominantly psychological signs and symptoms (disorder)
1146,56641006,Axis II diagnosis (disorder)
1147,49271002,Deferred diagnosis on Axis II (disorder)
1148,66936004,Identity disorder (disorder)
1149,192122001,Childhood or adolescent identity disorder (disorder)
1150,270291000119109,Identity disorder of childhood (disorder)
1151,69322001,Psychotic disorder (disorder)
1152,191680007,Psychogenic paranoid psychosis (disorder)
1153,231489001,Acute transient psychotic disorder (disorder)
1154,191678001,Reactive confusion (disorder)
1155,268624000,Acute paranoid reaction (disorder)
1156,274953007,Acute polymorphic psychotic disorder (disorder)
1157,307417003,Cycloid psychosis (disorder)
1158,63204009,Bouffe dlirante (disorder)
1159,712824002,Acute polymorphic psychotic disorder without symptoms of schizophrenia (disorder)
1160,712850003,Acute polymorphic psychotic disorder co-occurrent with symptoms of schizophrenia (disorder)
1161,278853003,Acute schizophrenia-like psychotic disorder (disorder)
1162,88975006,Schizophreniform disorder (disorder)
1163,36158005,Schizophreniform disorder with good prognostic features (disorder)
1164,55736003,Schizophreniform disorder without good prognostic features (disorder)
1165,18260003,Postpartum psychosis (disorder)
1166,237351003,Mild postnatal psychosis (disorder)
1167,237352005,Severe postnatal psychosis (disorder)
1168,58214004,Schizophrenia (disorder)
1169,191527001,Simple schizophrenia (disorder)
1170,16990005,Subchronic schizophrenia (disorder)
1171,111482003,Subchronic schizophrenia with acute exacerbations (disorder)
1172,14291003,Subchronic disorganized schizophrenia with acute exacerbations (disorder)
1173,7025000,Subchronic undifferentiated schizophrenia with acute exacerbations (disorder)
1174,70814008,Subchronic residual schizophrenia with acute exacerbations (disorder)
1175,191554003,Acute exacerbation of subchronic paranoid schizophrenia (disorder)
1176,191547009,Acute exacerbation of subchronic catatonic schizophrenia (disorder)
1177,27387000,Subchronic disorganized schizophrenia (disorder)
1178,42868002,Subchronic catatonic schizophrenia (disorder)
1179,76566000,Subchronic residual schizophrenia (disorder)
1180,79866005,Subchronic paranoid schizophrenia (disorder)
1181,85861002,Subchronic undifferentiated schizophrenia (disorder)
1182,4926007,Schizophrenia in remission (disorder)
1183,111483008,Catatonic schizophrenia in remission (disorder)
1184,31373002,Disorganized schizophrenia in remission (disorder)
1185,39610001,Undifferentiated schizophrenia in remission (disorder)
1186,51133006,Residual schizophrenia in remission (disorder)
1187,63181006,Paranoid schizophrenia in remission (disorder)
1188,191530008,Acute exacerbation of subchronic schizophrenia (disorder)
1189,191542003,Catatonic schizophrenia (disorder)
1190,441833000,Lethal catatonia (disorder)
1191,111484002,Undifferentiated schizophrenia (disorder)
1192,268617001,Acute schizophrenic episode (disorder)
1193,26025008,Residual schizophrenia (disorder)
1194,35252006,Disorganized schizophrenia (disorder)
1195,191536002,Subchronic hebephrenic schizophrenia (disorder)
1196,191537006,Chronic hebephrenic schizophrenia (disorder)
1197,191538001,Acute exacerbation of subchronic hebephrenic schizophrenia (disorder)
1198,191540006,Hebephrenic schizophrenia in remission (disorder)
1199,64905009,Paranoid schizophrenia (disorder)
1200,191526005,Schizophrenic disorders (disorder)
1201,191577003,Cenesthopathic schizophrenia (disorder)
1202,247804008,Schizophrenic prodrome (disorder)
1203,416340002,Late onset schizophrenia (disorder)
1204,61831009,Induced psychotic disorder (disorder)
1205,68890003,Schizoaffective disorder (disorder)
1206,270901009,"Schizoaffective disorder, mixed type (disorder)"
1207,271428004,"Schizoaffective disorder, manic type (disorder)"
1208,191567000,Schizoaffective schizophrenia (disorder)
1209,191569002,Subchronic schizoaffective schizophrenia (disorder)
1210,191570001,Chronic schizoaffective schizophrenia (disorder)
1211,191571002,Acute exacerbation of subchronic schizoaffective schizophrenia (disorder)
1212,191574005,Schizoaffective schizophrenia in remission (disorder)
1213,191525009,Non-organic psychosis (disorder)
1214,231438001,Presbyophrenic psychosis (disorder)
1215,129602009,Symbiotic infantile psychosis (disorder)
1216,408858002,Infantile psychosis (disorder)
1217,191483003,Drug-induced psychosis (disorder)
1218,191484009,Drug-induced paranoia or hallucinatory states (disorder)
1219,191485005,Drug-induced paranoid state (disorder)
1220,191486006,Drug-induced hallucinosis (disorder)
1221,191496002,Drug-induced personality disorder (disorder)
1222,7761000119106,Psychotic disorder caused by amphetamine use (disorder)
1223,441704009,Affective psychosis (disorder)
1224,231437006,Reactive psychoses (disorder)
1225,5464005,Brief reactive psychosis (disorder)
1226,473452003,Atypical psychosis (disorder)
1227,10760421000119102,Psychotic disorder in mother complicating childbirth (disorder)
1228,10760461000119107,Psychotic disorder in mother complicating pregnancy (disorder)
1229,89016005,Axis III diagnosis (disorder)
1230,25029006,Deferred diagnosis on Axis III (disorder)
1231,89415002,Hypersomnia disorder related to another mental disorder (disorder)
1232,899001,Axis I diagnosis (disorder)
1233,9760005,Deferred diagnosis on Axis I (disorder)
1234,191687005,Psychosis with origin in childhood (disorder)
1235,191696005,Atypical childhood psychoses (disorder)
1236,191697001,Borderline psychosis of childhood (disorder)
1237,441716003,Residual childhood psychosis (disorder)
1238,22641000119109,Psychosis in early childhood (disorder)
1239,191983006,Bruxism (teeth grinding) (disorder)
1240,274950005,Sleep-related bruxism (disorder)
1241,199257008,"Mental disorders during pregnancy, childbirth and the puerperium (disorder)"
1242,199259006,Mental disorder during pregnancy - baby delivered (disorder)
1243,199260001,Mental disorder in the puerperium - baby delivered (disorder)
1244,199261002,Mental disorder during pregnancy - baby not yet delivered (disorder)
1245,199262009,Mental disorder in the puerperium - baby delivered during previous episode of care (disorder)
1246,267320004,Pregnancy with mental disorders (disorder)
1247,18491000119109,Psychological disorder during pregnancy (disorder)
1248,231538003,Behavioral and emotional disorder with onset in childhood (disorder)
1249,192123006,Academic underachievement disorder (disorder)
1250,192069009,Specific nonpsychotic mental disorders following organic brain damage (disorder)
1251,398066007,Intensive care psychiatric disorder (disorder)
1252,442351006,Mental disorder caused by drug (disorder)
1253,11061003,Psychoactive substance use disorder (disorder)
1254,310202009,Arylcyclohexylamine-induced organic mental disorder (disorder)
1255,311173003,Phencyclidine-related disorder (disorder)
1256,21841000119100,Phencyclidine induced mental problem (disorder)
1257,313915006,Hypnotic-induced organic mental disorder (disorder)
1258,2403008,Psychoactive substance dependence (disorder)
1259,231467000,Absinthe addiction (disorder)
1260,7200002,Alcoholism (disorder)
1261,66590003,Alcohol dependence (disorder)
1262,191811004,Continuous chronic alcoholism (disorder)
1263,191812006,Episodic chronic alcoholism (disorder)
1264,191813001,Chronic alcoholism in remission (disorder)
1265,10741871000119101,Alcohol dependence in pregnancy (disorder)
1266,10755041000119100,Alcohol dependence in childbirth (disorder)
1267,713583005,Mild alcohol dependence (disorder)
1268,713862009,Severe alcohol dependence (disorder)
1269,714829008,Moderate alcohol dependence (disorder)
1270,97571000119109,Thrombocytopenia co-occurrent and due to alcoholism (disorder)
1271,301643003,"Sedative, hypnotic AND/OR anxiolytic-induced persisting amnestic disorder (disorder)"
1272,312098001,"Sedative, hypnotic AND/OR anxiolytic-related disorder (disorder)"
1273,57588009,"Sedative, hypnotic AND/OR anxiolytic-induced sleep disorder (disorder)"
1274,56627002,Psychosexual disorder (disorder)
1275,36943003,Making obscene telephone calls (disorder)
1276,41021005,Psychologic dyspareunia (disorder)
1277,46432001,Lecherism (disorder)
1278,46762006,Sexual desire disorder (disorder)
1279,268724009,Excessive sexual drive (disorder)
1280,55728007,Sexual aversion disorder (disorder)
1281,270903007,Lack or loss of sexual desire (disorder)
1282,5664002,Situational hypoactive sexual desire disorder (disorder)
1283,50299009,Paraphilia (disorder)
1284,229025005,Lindinism (disorder)
1285,2815001,Sexual pyromania (disorder)
1286,31358003,Coprophilia (disorder)
1287,36262007,Pygmalionism (disorder)
1288,41524005,Flagellantism (disorder)
1289,45924006,Necrophilia (disorder)
1290,45994004,Erotic vomiting (disorder)
1291,58349009,Exhibitionism (disorder)
1292,248103001,Flashing (disorder)
1293,56034001,Compulsive exhibitionism (disorder)
1294,58855008,Symptomatic exhibitionism (disorder)
1295,59174009,Fetishism (disorder)
1296,15840001,Symptomatic fetishism (disorder)
1297,18186001,True compulsive fetishism (disorder)
1298,77332003,Partialism (disorder)
1299,472981000,Fetishistic transvestism (disorder)
1300,62491004,Frotteurism (disorder)
1301,62792007,Urophilia (disorder)
1302,63835008,Voyeurism (disorder)
1303,79524000,Ecouteurism (disorder)
1304,81463002,Bestiality (disorder)
1305,89248000,Erotic zoophilia (disorder)
1306,84002002,Pedophilia (disorder)
1307,10783000,Symptomatic pedophilia (disorder)
1308,25971005,"Pedophilia, exclusive type (disorder)"
1309,32410009,Pederasty (disorder)
1310,46023009,"Pedophilia, same AND opposite sex (disorder)"
1311,48309007,"Pedophilia, nonexclusive type (disorder)"
1312,67227000,"Pedophilia, same sex (disorder)"
1313,70922000,Compulsive pedophilia (disorder)
1314,74791000,"Pedophilia, limited to incest (disorder)"
1315,9083002,"Pedophilia, opposite sex (disorder)"
1316,8522006,Klismaphilia (disorder)
1317,95636001,Sadomasochism (disorder)
1318,51239001,Sexual masochism (disorder)
1319,48046002,Symptomatic sexual masochism (disorder)
1320,65410009,Compulsive sexual masochism (disorder)
1321,59394009,Sexual sadism (disorder)
1322,111486000,Symptomatic sexual sadism (disorder)
1323,19922006,Compulsive sexual sadism (disorder)
1324,56095002,Necrosadism (disorder)
1325,71787009,Psychologic vaginismus (disorder)
1326,82636008,Orgasm disorder (disorder)
1327,60103007,Inhibited female orgasm (disorder)
1328,81903006,Inhibited male orgasm (disorder)
1329,442243005,Psychosexual dysfunction associated with inhibited libido (disorder)
1330,73491007,Psychogenic impotence (disorder)
1331,10811201000119102,Mental disorder in mother complicating childbirth (disorder)
1332,444613000,Adult attention deficit hyperactivity disorder (disorder)
1333,288421000119100,Hyposomnia co-occurrent and due to psychological disorder (disorder)
1334,66347000,Impulse control disorder (disorder)
1335,15945005,Psychogenic polydipsia (disorder)
1336,17155009,Trichotillomania (disorder)
1337,18085000,Compulsive gambling (disorder)
1338,600009,Pyromania (disorder)
1339,69361009,Kleptomania (disorder)
