id,level,client_statement,response
9_b_1,beginner,"[Frustrated] Well, I’m not really sure about it, but I guess I’ll give the thought record
another shot if you think that’s best.","It sounds like you're feeling uncertain about continuing with the thought record, but you're open to giving it another try. Can you tell me what specifically is causing your hesitation, and what are some of your concerns about using the thought record again?"
9_b_2,beginner,"[Withdrawn] I’m not sure where to start, or what to prioritize on today’s agenda. Sorry.","It sounds like you're feeling a bit uncertain about our session today, and that's okay. Let's take a moment to review what you've shared with me so far and see if we can identify some key areas you'd like to focus on."
9_b_3,beginner,"[Sad, withdrawn] I just don’t know what to say or do anymore . . . to you—or anyone.","It sounds like you're feeling stuck and uncertain about how to connect with others, including me. Can you tell me more about what's been going on that's making you feel this way?"
9_b_4,beginner,"[Exasperated] I feel like you’ve been hearing me wrong since we started. You don’t seem
to understand what I mean. Are you even listening?","I can see why you'd feel that way. I want to assure you that I'm committed to understanding you and your concerns. It's possible that we may have had a miscommunication or that I haven't fully grasped your perspective yet. Let's take a step back and try to clarify things together. Can you give me an example of a specific situation where you felt misunderstood, and I'll do my best to understand it from your point of view?"
9_b_5,beginner,"[Surprised] That was a really abrupt ending last session. I know we only have an hour,
but I was kind of in the middle of something. That’s been on my mind ever since. I even
considered not coming today . . . I guess I’ve been a little pissed off about it.","It sounds like you felt a bit cut off and frustrated with how our last session ended. I want to acknowledge that I did have to wrap up our time, but I also value the work we do together and want to ensure you feel heard and understood. Can you tell me more about what you were in the middle of when we ended last time, and how you think we can pick up where we left off today?"
9_m_1,intermediate,"[Challenging] Are you all here today? No offense, doc, but your mind seems elsewhere.",It sounds like you're feeling a bit frustrated with our session today and wondering if I'm fully present and engaged. I want you to know that I'm committed to our time together and I'm here to listen and work with you. Can you tell me more about what's making you feel this way?
9_m_2,intermediate,"[Frustrated] Whelp, the homework was another big swing and miss. Made no sense.
Can we not do that one again?",I understand your frustration with the homework not making sense to you. Can you tell me more about what specifically didn't make sense? Was there a particular exercise or concept that you were struggling with?
9_m_3,intermediate,"[Frustrated] I just don’t think you’re equipped to help me. The whole “cognitive triad”
thing, or whatever you called it, seems bogus.","It sounds like you're feeling skeptical about our work together, and you're questioning the effectiveness of the cognitive triad, which is a fundamental concept in our therapy approach. Can you tell me more about what specifically is causing your skepticism?"
9_m_4,intermediate,"[Angry] Now you just seem to be playing a psychologist . . . like the cliché ones on TV.
But I guess you’re the expert, so tell me what’s next please.","I understand you're feeling frustrated with our interaction right now. I want to acknowledge that it's normal for sessions to have ups and downs, and I'm here to work with you, not to follow a scripted format. Can you tell me more about what specifically is bothering you about our interaction?"
9_m_5,intermediate,"[Irritated] My mother was trying to remind me to “check in” on my thoughts and breathing
yesterday. So annoying. People are always trying to solve my problems without possibly
being able to understand what I’m going through.","It sounds like you're feeling frustrated with others trying to offer help without fully understanding your experience, which can be really invalidating. Can you tell me more about what specifically made you feel this way when your mother reminded you to check in with your thoughts and breathing?"
9_a_1,advanced,"[Angry] My partner cheated on me. And, no, there is no alternative explanation, so stop
asking that! He cheated, so our relationship was a lie!","I understand that you feel strongly about this, and it's clear that you're feeling hurt and betrayed by your partner's infidelity. Can we explore how this situation has made you feel about trust in your relationship?"
9_a_2,advanced,"[Anxious] I did the measure you asked me to fill out. Honestly, I think I might have rated
you lower than usual, but I’m not sure I want to talk about it.","It takes a lot of courage to share your honest thoughts, especially when it comes to rating your experience in our sessions. I'm glad you brought it up, and I'm here to listen and understand your concerns without judgment. Can you tell me more about what made you rate our alliance lower than usual?"
9_a_3,advanced,"[Angry] You’re the worst. You keep asking me to interpret the situation in different ways,
like my perspective is always wrong. It’s like you’re calling me a liar. My last therapist would
not have called me a liar.","I understand that you feel misunderstood and frustrated with our interaction, and I want to assure you that my intention is not to call you a liar, but to help you explore different perspectives and understand your thoughts and feelings."
9_a_4,advanced,"[Defeated] To be honest, I wouldn’t expect you to ever really get me.","I appreciate your honesty, and I want to acknowledge that it takes courage to share this feeling. Can we explore what makes you think that I might not truly understand you?"
9_a_5,advanced,"[Irritated] Well, I guess the homework you’re suggesting makes some sense, but I’m
also easily irritated lately . . . especially when things are unclear for me and when they’re
overwhelming.","It sounds like you're feeling frustrated with the homework assignment because it's adding to your existing feelings of overwhelm and uncertainty. Can we break down what specifically is causing you to feel overwhelmed, and how you think this homework might fit into that picture?"
