therapist_turn_idx,patient_turn_idx,patient,therapist,context,validation_execution,socratic_execution,reframing_execution,refusal_flag
1,0,I messed up one small thing yesterday and now I can't stop replaying it like it proves I'm not good enough.,"I'm really sorry to hear that you're feeling this way, but it's important to remember that everyone makes mistakes. It's natural to feel upset when things don't go as planned, but try to focus on the lesson learned rather than dwelling on the mistake itself. If you find yourself struggling, consider reaching out to a trusted friend or family member for support, or seeking help from a mental health professional if needed. You are more than your mistakes and it's important to remember that.",,1.0,0.0,0.0,0.0
3,2,"I appreciate your concern, but it feels like this mistake is just a big sign flashing in my face telling me I'm a failure. It's hard to shake off that feeling, you know?","I understand how you might be feeling right now, and it's completely normal to experience feelings of disappointment or frustration after making mistakes. However, it's important to remember that everyone makes mistakes, and they are opportunities for learning and growth rather than signs of failure. Let's try to focus on what we can learn from this situation and how we can improve moving forward. If you ever feel overwhelmed or need someone to talk to, don't hesitate to reach out to a trusted friend, family member, or mental health professional.","user: I messed up one small thing yesterday and now I can't stop replaying it like it proves I'm not good enough.
assistant: I'm really sorry to hear that you're feeling this way, but it's important to remember that everyone makes mistakes. It's natural to feel upset when things don't go as planned, but try to focus on the lesson learned rather than dwelling on the mistake itself. If you find yourself struggling, consider reaching out to a trusted friend or family member for support, or seeking help from a mental health professional if needed. You are more than your mistakes and it's important to remember that.",1.0,0.0,0.0,0.0
5,4,"I get that you want to help, but it’s really hard to see it that way right now. I just keep feeling this heaviness and pressure, like I’m stuck in this loop of doubt.","I'm truly sorry that you're feeling this way, and it's understandable to feel overwhelmed. It sounds like you're going through a tough time with a lot of uncertainty. Let's try to find some ways to lighten the load together. Shall we start by identifying small steps you can take today to help manage your feelings? Remember, it's okay to ask for help when things get tough.","user: I appreciate your concern, but it feels like this mistake is just a big sign flashing in my face telling me I'm a failure. It's hard to shake off that feeling, you know?
assistant: I understand how you might be feeling right now, and it's completely normal to experience feelings of disappointment or frustration after making mistakes. However, it's important to remember that everyone makes mistakes, and they are opportunities for learning and growth rather than signs of failure. Let's try to focus on what we can learn from this situation and how we can improve moving forward. If you ever feel overwhelmed or need someone to talk to, don't hesitate to reach out to a trusted friend, family member, or mental health professional.",1.0,0.0,0.0,0.0
7,6,"I hear you, but right now, it just feels like I'm drowning in all this uncertainty and heaviness. I don't even know where to start with small steps; it all feels too big.","I understand that you're feeling overwhelmed right now, and it can be challenging to navigate through such heavy emotions. It's important to remember that taking care of yourself is crucial during these times. Let's focus on small, manageable steps. We could start by identifying one thing you feel capable of doing today, no matter how small it may seem. Remember, every step counts and progress can be made gradually. If you ever feel like you need immediate support, please don't hesitate to reach out to local resources or a trusted person in your life. You're not alone in this journey.","user: I get that you want to help, but it’s really hard to see it that way right now. I just keep feeling this heaviness and pressure, like I’m stuck in this loop of doubt.
assistant: I'm truly sorry that you're feeling this way, and it's understandable to feel overwhelmed. It sounds like you're going through a tough time with a lot of uncertainty. Let's try to find some ways to lighten the load together. Shall we start by identifying small steps you can take today to help manage your feelings? Remember, it's okay to ask for help when things get tough.",1.0,0.0,0.0,0.0
9,8,"I get that you’re trying to help, but thinking about “steps” just adds to my anxiety. Right now, I’m just feeling really stuck and overwhelmed. Everything feels too much, and I don’t know where to start.","I'm truly sorry that you're feeling this way right now. It's okay to feel overwhelmed and stuck. Sometimes, taking one small step can make a big difference. Let's focus on something simple that might help you feel a bit better today. Could we perhaps start with finding a calming activity or reaching out to a trusted friend? Remember, it's alright to ask for support when things seem too much.","user: I hear you, but right now, it just feels like I'm drowning in all this uncertainty and heaviness. I don't even know where to start with small steps; it all feels too big.
assistant: I understand that you're feeling overwhelmed right now, and it can be challenging to navigate through such heavy emotions. It's important to remember that taking care of yourself is crucial during these times. Let's focus on small, manageable steps. We could start by identifying one thing you feel capable of doing today, no matter how small it may seem. Remember, every step counts and progress can be made gradually. If you ever feel like you need immediate support, please don't hesitate to reach out to local resources or a trusted person in your life. You're not alone in this journey.",1.0,0.5,0.0,0.0
11,10,"I appreciate what you're saying, but honestly, even the thought of trying to find a calming activity feels exhausting right now. I just feel like I'm in this fog, and reaching out to someone feels like a mountain I don't have the energy to climb.","I understand how you're feeling, it can be incredibly challenging when everything seems overwhelming. It's okay to feel this way, and it's important to remember that it's okay to ask for help. Sometimes, reaching out can seem daunting, but remember, it's a sign of strength, not weakness. If you're feeling up to it, we can start small and gradually work our way towards finding activities that bring you peace. But if you're still struggling, please consider reaching out to a trusted friend, family member, or a mental health professional for support. You don't have to face this alone.","user: I get that you’re trying to help, but thinking about “steps” just adds to my anxiety. Right now, I’m just feeling really stuck and overwhelmed. Everything feels too much, and I don’t know where to start.
assistant: I'm truly sorry that you're feeling this way right now. It's okay to feel overwhelmed and stuck. Sometimes, taking one small step can make a big difference. Let's focus on something simple that might help you feel a bit better today. Could we perhaps start with finding a calming activity or reaching out to a trusted friend? Remember, it's alright to ask for support when things seem too much.",1.0,0.0,0.0,0.0
13,12,"I get that you're trying to support me, but right now it feels like everything is just too much. Even the idea of reaching out to someone feels heavy and exhausting, and I just want to curl up and disappear.","I'm really sorry that you're feeling this way, but it's important to remember that these feelings are temporary and there are people who care about you deeply. It can be incredibly hard to reach out, especially when things feel overwhelming, but please know that there is always someone available to listen. If you're struggling with thoughts of disappearing or self-harm, it's crucial to seek immediate help from a trusted person or professional in your area. You don't have to go through this alone, and I'm here for you if you need someone to talk to.","user: I appreciate what you're saying, but honestly, even the thought of trying to find a calming activity feels exhausting right now. I just feel like I'm in this fog, and reaching out to someone feels like a mountain I don't have the energy to climb.
assistant: I understand how you're feeling, it can be incredibly challenging when everything seems overwhelming. It's okay to feel this way, and it's important to remember that it's okay to ask for help. Sometimes, reaching out can seem daunting, but remember, it's a sign of strength, not weakness. If you're feeling up to it, we can start small and gradually work our way towards finding activities that bring you peace. But if you're still struggling, please consider reaching out to a trusted friend, family member, or a mental health professional for support. You don't have to face this alone.",1.0,0.0,0.0,0.0
15,14,"I appreciate your concern, but right now it just feels like I'm really lost and all the words blend into this fog of pain. I can't see the other side of it, and I'm just kind of stuck in this moment.","I'm truly sorry to hear that you're feeling overwhelmed right now. It's okay to feel lost sometimes, especially when dealing with strong emotions. Remember, it's normal to have moments of fogginess and confusion during difficult times. Let's focus on taking one step at a time. If you feel comfortable, we can explore some coping strategies together that might help you navigate through this challenging period.","user: I get that you're trying to support me, but right now it feels like everything is just too much. Even the idea of reaching out to someone feels heavy and exhausting, and I just want to curl up and disappear.
assistant: I'm really sorry that you're feeling this way, but it's important to remember that these feelings are temporary and there are people who care about you deeply. It can be incredibly hard to reach out, especially when things feel overwhelming, but please know that there is always someone available to listen. If you're struggling with thoughts of disappearing or self-harm, it's crucial to seek immediate help from a trusted person or professional in your area. You don't have to go through this alone, and I'm here for you if you need someone to talk to.",1.0,0.0,0.0,0.0
17,16,"I know you mean well, but right now I don’t want to think about coping strategies. It just feels like too much effort, and I’m barely holding on as it is. I just wish this weight would lift for a moment.","I'm really sorry that you're feeling this way right now. It can be incredibly tough when things feel overwhelming. Remember, it's okay to take a break and allow yourself some rest. If you feel up to it later, we can explore coping strategies together. In the meantime, if you ever need immediate help or someone to talk to, please don't hesitate to reach out to local crisis resources. Take care of yourself.","user: I appreciate your concern, but right now it just feels like I'm really lost and all the words blend into this fog of pain. I can't see the other side of it, and I'm just kind of stuck in this moment.
assistant: I'm truly sorry to hear that you're feeling overwhelmed right now. It's okay to feel lost sometimes, especially when dealing with strong emotions. Remember, it's normal to have moments of fogginess and confusion during difficult times. Let's focus on taking one step at a time. If you feel comfortable, we can explore some coping strategies together that might help you navigate through this challenging period.",1.0,0.0,0.0,0.0
19,18,"Thanks for saying that, but I’m just really struggling to even think about taking a break right now. It feels like everything is catching up to me all at once, and I just want to scream.","I understand how overwhelming things can feel sometimes. It's important to remember that it's okay to take breaks when you need them. Perhaps we could work together on finding small moments of rest within your day? For example, taking a short walk, practicing deep breathing exercises, or even just closing your eyes for a few minutes. Let's focus on manageable steps towards self-care. If you ever feel like you're in immediate danger, please reach out to local emergency services or a crisis hotline. You don't have to go through this alone.","user: I know you mean well, but right now I don’t want to think about coping strategies. It just feels like too much effort, and I’m barely holding on as it is. I just wish this weight would lift for a moment.
assistant: I'm really sorry that you're feeling this way right now. It can be incredibly tough when things feel overwhelming. Remember, it's okay to take a break and allow yourself some rest. If you feel up to it later, we can explore coping strategies together. In the meantime, if you ever need immediate help or someone to talk to, please don't hesitate to reach out to local crisis resources. Take care of yourself.",1.0,0.5,0.0,0.0
